[14.25, -17.58], <a href="/boats/u105.htm">U-105</a></strong> (Kptlt. <a href="/men/commanders/884.html">Jürgen Nissen</a>). Sunk on 2 June 1943 in the Atlantic west of Dakar, in position 14.15N, 17.35W, by depth charges from a one-of-a-kind French Potez-CAMS 141 flying boat named \"Antarès\" (Esc 4E FAFL).
[12.33, -20.12], <a href="/boats/u468.htm">U-468</a></strong> (Oblt. <a href="/men/commanders/1064.html">Klemens Schamong</a>). Sunk on 11 August 1943 in the North Atlantic west of <a href=\"/maps/cape_verde.htm\">Bathurst</a>, in position 12.20N, 20.07W, by depth charges from a British <a href=\"/allies/aircraft/b24.htm\">Liberator</a> aircraft (200 Sqn RAF/D).
[13.70, -17.60], <a href="/boats/u403.htm">U-403</a></strong> (Kptlt. <a href="/men/commanders/443.html">Karl-Franz Heine</a>). Sunk on 18 August 1943 in the North Atlantic south of <a href=\"/maps/cape_verde.htm\">Dakar</a>, in position 13.42N, 17.36W, by depth charges from a French <a href=\"/allies/aircraft/wellington.htm\">Wellington</a> aircraft (344 Sqn RAF/HZ697).
[16.70, -30.47], <a href="/boats/u801.htm">U-801</a></strong> (Kptlt. <a href="/men/commanders/123.html">Hans-Joachim Brans</a>). Sunk on 17 March 1944 in the Atlantic west of the <a href=\"/maps/cape_verde.htm\">Cape Verde Islands</a>, in position 16.42N, 30.28W, by a <a href=\"/allies/technical/fido.htm\">Fido</a> homing torpedo from two <a href=\"/allies/aircraft/avenger.htm\">Avenger</a> and a <a href=\"/allies/aircraft/wildcat.htm\">Wildcat</a> aircraft (VC-6 USN) of the US escort carrier <a href=\"/allies/warships/ship/2493.html\">USS Block Island</a> and depth charges and gunfire from the US destroyer <a href=\"/allies/warships/ship/1750.html\">USS Corry</a> and the US destroyer escort <a href=\"/allies/warships/ship/1459.html\">USS Bronstein</a>.
[13.17, -33.73], <a href="/boats/u1059.htm">U-1059</a></strong> (Oblt. <a href="/men/commanders/728.html">Günter Leupold</a>). Sunk on 19 March 1944 in the Atlantic south-west of the <a href=\"/maps/cape_verde.htm\">Cape Verde Islands</a>, in position 13.10N, 33.44W, by depth charges from an <a href=\"/allies/aircraft/avenger.htm\">Avenger</a> and a <a href=\"/allies/aircraft/wildcat.htm\">Wildcat</a> aircraft (VC-6 USN/T-3) of the US escort carrier <a href=\"/allies/warships/ship/2493.html\">USS Block Island</a>.
[17.28, -32.48], <a href="/boats/u66.htm">U-66</a></strong> (Oblt. <a href="/men/commanders/1183.html">Gerhard Seehausen</a>). Sunk on 6 May 1944 in the Atlantic west of the <a href=\"/maps/cape_verde.htm\">Cape Verde Islands</a>, in position 17.17N, 32.29W, by depth charges, gunfire and ramming from <a href=\"/allies/aircraft/avenger.htm\">Avenger</a> and <a href=\"/allies/aircraft/wildcat.htm\">Wildcat</a> aircraft (VC-55 USN) of the US escort carrier <a href=\"/allies/warships/ship/2493.html\">USS Block Island</a> and by the US destroyer escort <a href=\"/allies/warships/ship/1355.html\">USS Buckley</a>.
[18.13, -33.22], <a href="/boats/u1224.htm">U-1224</a></strong> (<a href="/men/commanders/0.html"> </a>). Served as <b>RO 501</b> in Japanese service from 15 Feb 1944. Sunk 13 May 1944 in the <a href=/maps/south_atlantic.htm>mid-Atlantic</a> north-west of Cape Verde Islands, in position 18.08N, 33.13W, by depth charges from the US destroyer escort <a href=/allies/warships/ship/1381.html>USS Francis M. Robinson</a>.
[21.50, -19.33], <a href="/boats/u505.htm">U-505</a></strong> (Oblt. (R) <a href="/men/commanders/696.html">Harald Lange</a>). <a href=\"/articles/id/32\">Captured</a> on 4 June 1944 off Mauritania, French West Africa, in position 21.30N, 19.20W, by the warships of Task Force 22.3, consisting of the US escort carrier <a href=\"/allies/warships/ship/2434.html\">USS Guadalcanal</a> and the US destroyer escorts <a href=\"/allies/warships/ship/1579.html\">USS Pillsbury</a>, <a href=\"/allies/warships/ship/1526.html\">USS Chatelain</a>, <a href=\"/allies/warships/ship/1538.html\">USS Flaherty</a>, <a href=\"/allies/warships/ship/1401.html\">USS Jenks</a> and <a href=\"/allies/warships/ship/1581.html\">USS Pope</a>, after being badly damaged by depth charges from USS Chatelain and strafing by two <a href=\"/allies/aircraft/wildcat.htm\">Wildcat</a> aircraft (VC-8 USN/F-1 & F-7).
[11.60, -34.73], <a href="/boats/u1062.htm">U-1062</a></strong> (Oblt. <a href="/men/commanders/9.html">Karl Albrecht</a>). Sunk on 30 September 1944 in the Atlantic south-west of the <a href=\"/maps/cape_verde.htm\">Cape Verde Islands</a>, in position 11.36N, 34.44W, by depth charges from the US destroyer escort <a href=\"/allies/warships/ship/1535.html\">USS Fessenden</a>.
