[27.25, -20.45], <a href="/boats/u111.htm">U-111</a></strong> (Kptlt. <a href="/men/commanders/612.html">Wilhelm Kleinschmidt</a>). Sunk on 4 October 1941 in the North Atlantic south-west of Tenerife, Canary Islands, in position 27.15N, 20.27W, by depth charges and gunfire from the British anti-submarine trawler <a href=\"/allies/warships/ship/6389.html\">HMS Lady Shirley</a>.
[34.20, -13.58], <a href="/boats/u131.htm">U-131</a></strong> (KrvKpt. <a href="/men/commanders/52.html">Arend Baumann</a>). Sunk on 17 December 1941 in the North Atlantic north-east of <a href=\"/maps/canaries.htm\">Madeira</a>, Portugal, in position 34.12N, 13.35W, by depth charges and gunfire from the British escort destroyers <a href=\"/allies/warships/ship/4641.html\">HMS Exmoor</a> and <a href=\"/allies/warships/ship/4638.html\">HMS Blankney</a>, the British destroyer <a href=\"/allies/warships/ship/4336.html\">HMS Stanley</a>, the British corvette <a href=\"/allies/warships/ship/4804.html\">HMS Pentstemon</a> and the British sloop <a href=\"/allies/warships/ship/3907.html\">HMS Stork</a> and by gunfire from a <a href=\"/allies/aircraft/wildcat.htm\">Martlet</a> aircraft* (802 Sqn FAA) of the British escort carrier <a href=\"/allies/warships/ship/3246.html\">HMS Audacity</a>.
[33.50, -22.87], <a href="/boats/u136.htm">U-136</a></strong> (Kptlt. <a href="/men/commanders/1403.html">Heinrich Zimmermann</a>). Sunk on 11 July 1942 in the North Atlantic west of <a href=\"/maps/canaries.htm\">Madeira</a>, in position 33.30N, 22.52W, by depth charges from the Free French destroyer <a href=\"/allies/warships/ship/4281.html\">Léopard</a>, the British frigate <a href=\"/allies/warships/ship/91.html\">HMS Spey</a> and the British sloop <a href=\"/allies/warships/ship/3911.html\">HMS Pelican</a>.
[12.35, -59.48], <a href="/boats/u162.htm">U-162</a></strong> (FrgKpt. <a href="/men/wattenberg.htm">Jürgen Wattenberg</a>). Sunk on 3 September 1942 in the Atlantic north-east of Trinidad, in position 12.21N, 59.29W, by depth charges from the British destroyers <a href=\"/allies/warships/ship/5454.html\">HMS Vimy</a>, <a href=\"/allies/warships/ship/4493.html\">HMS Pathfinder</a> and <a href=\"/allies/warships/ship/4502.html\">HMS Quentin</a>.
[6.83, -52.42], <a href="/boats/u512.htm">U-512</a></strong> (Kptlt. <a href="/men/commanders/1157.html">Wolfgang Schultze</a>). Sunk on 2 October 1942 in the Atlantic north of Cayenne, French Guiana, in position 06.50N, 52.25W, by depth charges from a US <a href=\"/allies/aircraft/b18.htm\">B-18A Bolo</a> aircraft (99th BS USAAF/71).
[-33.47, 17.08], <a href="/boats/u179.htm">U-179</a></strong> (FrgKpt. <a href="/men/commanders/1200.html">Ernst Sobe</a>). Sunk 8 Oct 1942 in the <a href=/maps/south_atlantic.htm>South Atlantic</a> near Cape Town, South Africa, in position 33.28S, 17.05E, by depth charges from the British destroyer <a href=/allies/warships/ship/4343.html>HMS Active</a>.
[33.67, -7.58], <a href="/boats/u173.htm">U-173</a></strong> (Oblt. <a href="/men/commanders/1178.html">Hans-Adolf Schweichel</a>). Sunk on 16 November 1942 in the North Atlantic west of <a href=\"/maps/canaries.htm\">Casablanca</a>, in position 33.40N, 07.35W, by depth charges from the US destroyers <a href=\"/allies/warships/ship/1831.html\">USS Woolsey</a>, <a href=\"/allies/warships/ship/1829.html\">USS Swanson</a> and <a href=\"/allies/warships/ship/1796.html\">USS Quick</a>.
[-1.97, -39.37], <a href="/boats/u164.htm">U-164</a></strong> (KrvKpt. <a href="/men/commanders/271.html">Otto Fechner</a>). Sunk on 6 January 1943 in the <a href=\"/maps/south_atlantic.htm\">South Atlantic</a> north-west of Fortaleza, Brazil, in position 01.58S, 39.22W, by depth charges from a US <a href=\"/allies/aircraft/catalina.htm\">Catalina</a> aircraft (VP-83 USN/P-2). 
[-1.63, -39.87], <a href="/boats/u507.htm">U-507</a></strong> (KrvKpt. <a href="/men/schacht.htm">Harro Schacht</a>). Sunk on 13 January 1943 in the <a href=\"/maps/south_atlantic.htm\">South Atlantic</a> north-west of Fortaleza, Brazil, in position 01.38S, 39.52W, by depth charges from a US <a href=\"/allies/aircraft/catalina.htm\">Catalina</a> aircraft (VP-83 USN/P-10). 
[31.45, -26.37], <a href="/boats/u522.htm">U-522</a></strong> (Kptlt. <a href="/men/schneider.htm">Herbert Schneider</a>). Sunk on 23 February 1943 in the North Atlantic south of the Azores, in position 31.27N, 26.22W, by depth charges from the British sloop <a href=\"/allies/warships/ship/47.html\">HMS Totland</a>.
[12.63, -54.65], <a href="/boats/u156.htm">U-156</a></strong> (KrvKpt. <a href="/men/hartenstein.htm">Werner Hartenstein</a>). Sunk at 1315hrs on 8 March 1943 in the Atlantic east of Barbados, in position 12.38N, 54.39W, by depth charges from a US <a href=\"/allies/aircraft/catalina.htm\">Catalina</a> aircraft (VP-53 USN/P-1). 
[30.25, -18.22], <a href="/boats/u524.htm">U-524</a></strong> (Kptlt. <a href="/men/commanders/1221.html">Walter von Steinaecker</a>). Sunk on 22 March 1943 in the North Atlantic south of <a href=\"/maps/canaries.htm\">Madeira</a>, Portugal, in position 30.15N, 18.13W, by depth charges from a US <a href=\"/allies/aircraft/b24.htm\">Liberator</a> aircraft (2nd A/S Sqn USAAF/T).
[27.78, -15.00], <a href="/boats/u167.htm">U-167</a></strong> (KrvKpt. <a href="/men/commanders/1255.html">Kurt Sturm</a>). Scuttled on 6 April 1943 in the North Atlantic off <a href=\"/maps/canaries.htm\">Gran Canaria, Canary Islands</a>, in position 27.47N, 15.00W, after being badly damaged by depth charges from two British <a href=\"/allies/aircraft/hudson.htm\">Hudson</a> aircraft (233 Sqn RAF/L & W) on 5 April.
[33.92, -20.58], <a href="/boats/u182.htm">U-182</a></strong> (Kptlt. <a href="/men/clausen.htm">Asmus Nicolai Clausen</a>). Sunk 16 May 1943 north-west of Madeira Islands, in position 33.55N, 20.35W, by depth charges from the US destroyer <a href=/allies/warships/ship/1783.html>USS MacKenzie</a>.
[-10.00, -35.58], <a href="/boats/u128.htm">U-128</a></strong> (Oblt. <a href="/men/commanders/1223.html">Hermann Steinert</a>). Sunk on 17 May 1943 in the <a href=\"/maps/south_atlantic.htm\">South Atlantic</a> south of Recife, Brazil, in position 10.00S, 35.35W, by depth charges from two US <a href=\"/allies/aircraft/mariner.htm\">Mariner</a> aircraft (VP-74 USN/P-5 & P-6) and gunfire from the US destroyers <a href=\"/allies/warships/ship/5155.html\">USS Moffett</a> and <a href=\"/allies/warships/ship/1851.html\">USS Jouett</a>.
[14.25, -17.58], <a href="/boats/u105.htm">U-105</a></strong> (Kptlt. <a href="/men/commanders/884.html">Jürgen Nissen</a>). Sunk on 2 June 1943 in the Atlantic west of Dakar, in position 14.15N, 17.35W, by depth charges from a one-of-a-kind French Potez-CAMS 141 flying boat named \"Antarès\" (Esc 4E FAFL).
[30.30, -42.83], <a href="/boats/u217.htm">U-217</a></strong> (Kptlt. <a href="/men/commanders/987.html">Kurt Reichenbach-Klinke</a>). Sunk on 5 June 1943 in the North Atlantic south-west of the Azores, in position 30.18N, 42.50W, by depth charges from an <a href=\"/allies/aircraft/avenger.htm\">Avenger</a> aircraft (VC-9 USN/T-11), assisted by a <a href=\"/allies/aircraft/wildcat.htm\">Wildcat</a> aircraft (VC-9 USN/F-13), of the US escort carrier <a href=\"/allies/warships/ship/2486.html\">USS Bogue</a>.
[30.82, -33.82], <a href="/boats/u118.htm">U-118</a></strong> (KrvKpt. <a href="/men/commanders/182.html">Werner Czygan</a>).  Sunk 12 June 1943 in the <a href=/maps/south_atlantic.htm>mid-Atlantic</a> west of the Canary Islands, in position 30.49N, 33.49W by depth charges from eight Avenger aircraft of the US escort carrier <a href=/allies/warships/ship/2486.html>USS Bogue</a>.
[3.37, -48.63], <a href="/boats/u590.htm">U-590</a></strong> (Oblt. (R) <a href="/men/commanders/668.html">Werner Krüer</a>). Sunk on 9 July 1943 in the <a href=\"/maps/south_atlantic.htm\">Atlantic Ocean</a> north of Belém, Brazil, in position 03.22N, 48.38W, by depth charges from a US <a href=\"/allies/aircraft/catalina.htm\">Catalina</a> aircraft (VP-94 USN/P-1).
[27.25, -38.08], <a href="/boats/u487.htm">U-487</a></strong> (Oblt. (R) <a href="/men/commanders/815.html">Helmut Metz</a>). Sunk on <b>July 13 1943 </b> in central Atlantic by five Avenger and Wildcat aircraft of the American escort carrier <a href=/allies/warships/ship/2489.html>USS Core</a> in position 27.15N, 38.05W.
[33.90, -27.22], <a href="/boats/u160.htm">U-160</a></strong> (Oblt. <a href="/men/commanders/935.html">Gerd von Pommer-Esche</a>). Sunk on 14 July 1943 in the North Atlantic south of the Azores, in position 33.54N, 27.13W, by a <a href=\"/allies/technical/fido.htm\">Fido</a> homing torpedo from an <a href=\"/allies/aircraft/avenger.htm\">Avenger</a> (VC-29 USN/T-7), assisted by a <a href=\"/allies/aircraft/wildcat.htm\">Wildcat</a> aircraft (VC-29 USN/F-1), of the US escort carrier <a href=\"/allies/warships/ship/2428.html\">USS Santee</a>.
[28.33, -13.28], <a href="/boats/u135.htm">U-135</a></strong> (Oblt. <a href="/men/commanders/766.html">Otto Luther</a>). Sunk on 15 July 1943 in the North Atlantic east of <a href=\"/maps/canaries.htm\">Canary Islands</a>, in position 28.20N, 13.17W, by depth charges from the British sloop <a href=\"/allies/warships/ship/3887.html\">HMS Rochester</a>, the British corvettes <a href=\"/allies/warships/ship/4791.html\">HMS Mignonette</a> and <a href=\"/allies/warships/ship/4717.html\">HMS Balsam</a> and a US <a href=\"/allies/aircraft/catalina.htm\">Catalina</a> aircraft (VP-92 USN/P-6).
[34.03, -26.02], <a href="/boats/u509.htm">U-509</a></strong> (KrvKpt. <a href="/men/commanders/1365.html">Werner Witte</a>). Sunk on 15 July 1943 in the North Atlantic south of the Azores, in position 34.02N, 26.01W, by a <a href=\"/allies/aircraft/avenger.htm\">Fido</a> homing torpedo from an <a href=\"/allies/aircraft/avenger.htm\">Avenger</a> aircraft (VC-29 USN/T-12), assisted by a <a href=\"/allies/aircraft/wildcat.htm\">Wildcat</a> aircraft (VC-29 USN/F-7), of the US escort carrier <a href=\"/allies/warships/ship/2428.html\">USS Santee</a>.
[30.08, -44.28], <a href="/boats/u67.htm">U-67</a></strong> (KrvKpt. <a href="/men/mueller.htm">Günther Müller-Stöckheim</a>). Sunk on 16 July 1943 in the <a href=\"/maps/south_atlantic.htm\">Sargasso Sea</a> south-west of the Azores, in position 30.05N, 44.17W, by depth charges from an <a href=\"/allies/aircraft/avenger.htm\">Avenger</a> aircraft (VC-13 USN) of the US escort carrier <a href=\"/allies/warships/ship/2489.html\">USS Core</a>.
[-27.28, -47.53], <a href="/boats/u513.htm">U-513</a></strong> (Kptlt. <a href="/men/guggenberger.htm">Friedrich Guggenberger</a>). Sunk on 19 July 1943 in the <a href=\"/maps/south_atlantic.htm\">South Atlantic</a> south-east of São Francisco do Sul, Brazil, in position 27.17S, 47.32W, by depth charges from a US <a href=\"/allies/aircraft/mariner.htm\">Mariner</a> aircraft (VP-74 USN/P-3).
[3.93, -48.77], <a href="/boats/u662.htm">U-662</a></strong> (Kptlt. <a href="/men/commanders/844.html">Heinz-Eberhard Müller</a>). Sunk on 21 July 1943 in the <a href=/maps/south_atlantic.htm>Atlantic Ocean</a> north of the Amazon estuary, in position 03.56N, 48.46W, by depth charges from a US <a href=\"/allies/aircraft/catalina.htm\">Catalina</a> aircraft (VP-94 USN/P-4).
[-4.08, -33.38], <a href="/boats/u598.htm">U-598</a></strong> (KrvKpt. <a href="/men/commanders/509.html">Gottfried Holtorf</a>). Sunk on 23 July 1943 in the <a href=\"/maps/south_atlantic.htm\">South Atlantic</a> north-east of Natal, Brazil, in position 04.05S, 33.23W, by depth charges from three US <a href=\"/allies/aircraft/b24.htm\">Liberator</a> aircraft (VB-107 USN/B-12, B-8 & B-6).
[34.95, -35.18], <a href="/boats/u43.htm">U-43</a></strong> (Oblt. <a href="/men/commanders/1169.html">Hans-Joachim Schwantke</a>). Sunk on 30 July 1943 in the North Atlantic south-west of the Azores, in position 34.57N, 35.11W, by a <a href=\"/allies/technical/fido.htm\">Fido</a> homing torpedo from an <a href=\"/allies/aircraft/avenger.htm\">Avenger</a> aircraft (VC-29 USN/T-13), assisted by a <a href=\"/allies/aircraft/wildcat.htm\">Wildcat</a> aircraft (VC-29 USN/F-2), of the US escort carrier <a href=\"/allies/warships/ship/2428.html\">USS Santee</a>.
[-8.60, -34.57], <a href="/boats/u591.htm">U-591</a></strong> (Oblt. <a href="/men/commanders/1400.html">Reimar Ziesmer</a>). Sunk on 30 July 1943 in the <a href=\"/maps/south_atlantic.htm\">South Atlantic</a> south-east of Recife, Brazil, in position 08.36S, 34.34W, by depth charges from a US <a href=\"/allies/aircraft/ventura.htm\">Ventura</a> aircraft (VB-127 USN/B-10).
[-23.90, -42.90], <a href="/boats/u199.htm">U-199</a></strong> (Kptlt. <a href="/men/kraus.htm">Hans-Werner Kraus</a>). Sunk 31 July 1943 in the <a href=/maps/south_atlantic.htm>South Atlantic</a> east of Rio de Janeiro, Brazil, in position 23.54S, 42.54W, by depth charges from one American Mariner aircraft (VP-74) and two Brazilian aircraft (Catalina and Hudson).
[11.58, -54.08], <a href="/boats/u572.htm">U-572</a></strong> (Oblt. <a href="/men/commanders/681.html">Heinz Kummetat</a>). Sunk on 3 August 1943 in the North Atlantic north-east of Trinidad, in position 11.35N, 54.05W, by depth charges from a US <a href=\"/allies/aircraft/mariner.htm\">Mariner</a> aircraft (VP-205 USN/P-6).
[12.33, -20.12], <a href="/boats/u468.htm">U-468</a></strong> (Oblt. <a href="/men/commanders/1064.html">Klemens Schamong</a>). Sunk on 11 August 1943 in the North Atlantic west of <a href=\"/maps/cape_verde.htm\">Bathurst</a>, in position 12.20N, 20.07W, by depth charges from a British <a href=\"/allies/aircraft/b24.htm\">Liberator</a> aircraft (200 Sqn RAF/D).
[-4.50, -21.33], <a href="/boats/u604.htm">U-604</a></strong> (Kptlt. <a href="/men/commanders/498.html">Horst Höltring</a>). Scuttled on 11 August 1943 in the <a href=\"/maps/south_atlantic.htm\">South Atlantic</a> north-west of Ascension Island, in position 04.15S, 21.20W, after being badly damaged by depth charges from a US <a href=\"/allies/aircraft/ventura.htm\">Ventura</a> aircraft (VB-129 USN/B-9) on 30 July 1943.
[13.70, -17.60], <a href="/boats/u403.htm">U-403</a></strong> (Kptlt. <a href="/men/commanders/443.html">Karl-Franz Heine</a>). Sunk on 18 August 1943 in the North Atlantic south of <a href=\"/maps/cape_verde.htm\">Dakar</a>, in position 13.42N, 17.36W, by depth charges from a French <a href=\"/allies/aircraft/wellington.htm\">Wellington</a> aircraft (344 Sqn RAF/HZ697).
[27.00, -37.10], <a href="/boats/u185.htm">U-185</a></strong> (Kptlt. <a href="/men/maus.htm">August Maus</a>). Sunk on 24 August 1943 in the North Atlantic west of the Canary Islands, in position 27.00N, 37.06W, by depth charges from an <a href=\"/allies/aircraft/avenger.htm\">Avenger</a> aircraft (VC-13 USN/T-5), assisted by two <a href=\"/allies/aircraft/wildcat.htm\">Wildcat</a> aircraft (VC-13 USN), of the US escort carrier <a href=\"/allies/warships/ship/2489.html\">USS Core</a>.
[28.32, -37.97], <a href="/boats/u847.htm">U-847</a></strong> (Kptlt. <a href="/men/kuppisch.htm">Herbert Kuppisch</a>). Sunk 27 Aug 1943 in the <a href=/maps/south_atlantic.htm>Sargasso Sea</a>, in position 28.19N, 37.58W, by air-launched (Fido) torpedoes from Avenger and Wildcat aircraft (VC-1) of the American escort carrier <a href=/allies/warships/ship/2487.html>USS Card</a>.
[-12.50, -35.58], <a href="/boats/u161.htm">U-161</a></strong> (Kptlt. <a href="/men/achilles.htm">Albrecht Achilles</a>). Sunk on 27 September 1943 in the <a href=\"/maps/south_atlantic.htm\">South Atlantic</a> east of Salvador da Bahia, Brazil, in position 12.30S, 35.35W, by depth charges from a US <a href=\"/allies/aircraft/mariner.htm\">Mariner</a> aircraft (VP-74 USN/P-2).
[-10.15, -18.00], <a href="/boats/u848.htm">U-848</a></strong> (FrgKpt. <a href="/men/rollmann.htm">Wilhelm Rollmann</a>). Sunk 5 Nov 1943 in the <a href=/maps/south_atlantic.htm>South Atlantic</a> south-west of Ascension Island, in approximate position 10.09S, 18.00W, by depth charges from 3 Liberator and 2 Mitchell aircraft (VB-107 &amp; US Army 1st Compron). 
[-6.50, -5.67], <a href="/boats/u849.htm">U-849</a></strong> (Kptlt. <a href="/men/schultze_heinz-otto.htm">Heinz-Otto Schultze</a>). Sunk 25 Nov 1943 in the <a href=/maps/south_atlantic.htm>South Atlantic</a> West of the Congo estuary, in position 06.30S, 05.40W, by depth charges from a US Liberator aircraft (VP-107/B-6).
[26.48, -29.97], <a href="/boats/u172.htm">U-172</a></strong> (Oblt. <a href="/men/commanders/504.html">Hermann Hoffmann</a>). Sunk on 13 December 1943, after a hunt of 27 hours, in the Atlantic west of Canary Islands, in position 26.29N, 29.58W, by depth charges and <a href=\"/allies/technical/fido.htm\">Fido</a> homing torpedoes from <a href=\"/allies/aircraft/avenger.htm\">Avenger</a> and <a href=\"/allies/aircraft/wildcat.htm\">Wildcat</a> aircraft (VC-19 USN) of the US escort carrier <a href=\"/allies/warships/ship/2486.html\">USS Bogue</a> and by some 200 depth charges from the US destroyers <a href=\"/allies/warships/ship/2274.html\">USS George E. Badger</a>, <a href=\"/allies/warships/ship/2255.html\">USS Clemson</a>, <a href=\"/allies/warships/ship/2289.html\">USS Osmond Ingram</a> and <a href=\"/allies/warships/ship/2150.html\">USS Du Pont</a>.
[32.90, -37.02], <a href="/boats/u850.htm">U-850</a></strong> (Kpt. <a href="/men/commanders/262.html">Klaus Ewerth</a>). Sunk 20 Dec 1943 in the mid-Atlantic west of Madeira, Portugal, in position 32.54N, 37.01W, by depth charges and <a href=/allies/technical/fido.htm>Fido</a> homing torpedoes from 5 Avenger and Wildcat aircraft (VC-19) of the American escort carrier <a href=/allies/warships/ship/2486.html>USS Bogue</a>.
[-10.58, -23.25], <a href="/boats/u177.htm">U-177</a></strong> (KrvKpt. <a href="/men/commanders/145.html">Heinz Buchholz</a>). Sunk 6 Feb 1944 in the <a href=/maps/south_atlantic.htm>South Atlantic</a> west of Ascension Island, in position 10.35S, 23.15W, by depth charges from a US Liberator aircraft (VB-107/B-3).
[-41.47, 17.67], <a href="/boats/foreign_uit22.htm">UIT-22</a></strong> (Oblt. (R) <a href="/men/commanders/1383.html">Karl Wunderlich</a>). Sunk 11 March 1944 south of the Cape of Good Hope, in position 41.28S, 17.40E, by South African Catalina aircraft (SAAF Sqdn 262).
[16.70, -30.47], <a href="/boats/u801.htm">U-801</a></strong> (Kptlt. <a href="/men/commanders/123.html">Hans-Joachim Brans</a>). Sunk on 17 March 1944 in the Atlantic west of the <a href=\"/maps/cape_verde.htm\">Cape Verde Islands</a>, in position 16.42N, 30.28W, by a <a href=\"/allies/technical/fido.htm\">Fido</a> homing torpedo from two <a href=\"/allies/aircraft/avenger.htm\">Avenger</a> and a <a href=\"/allies/aircraft/wildcat.htm\">Wildcat</a> aircraft (VC-6 USN) of the US escort carrier <a href=\"/allies/warships/ship/2493.html\">USS Block Island</a> and depth charges and gunfire from the US destroyer <a href=\"/allies/warships/ship/1750.html\">USS Corry</a> and the US destroyer escort <a href=\"/allies/warships/ship/1459.html\">USS Bronstein</a>.
[13.17, -33.73], <a href="/boats/u1059.htm">U-1059</a></strong> (Oblt. <a href="/men/commanders/728.html">Günter Leupold</a>). Sunk on 19 March 1944 in the Atlantic south-west of the <a href=\"/maps/cape_verde.htm\">Cape Verde Islands</a>, in position 13.10N, 33.44W, by depth charges from an <a href=\"/allies/aircraft/avenger.htm\">Avenger</a> and a <a href=\"/allies/aircraft/wildcat.htm\">Wildcat</a> aircraft (VC-6 USN/T-3) of the US escort carrier <a href=\"/allies/warships/ship/2493.html\">USS Block Island</a>.
[34.58, -19.30], <a href="/boats/u515.htm">U-515</a></strong> (Kptlt. <a href="/men/henke.htm">Werner Henke</a>). Sunk at 1510hrs on 9 April 1944 in the North Atlantic north-west of Madeira, Portugal, in position 34.35N, 19.18W, by rockets from two <a href=\"/allies/aircraft/avenger.htm\">Avenger</a> and two <a href=\"/allies/aircraft/wildcat.htm\">Wildcat</a> aircraft (VC-58 USN) of the US escort carrier <a href=\"/allies/warships/ship/2434.html\">USS Guadalcanal</a> and depth charges from the US destroyer escorts <a href=\"/allies/warships/ship/1581.html\">USS Pope</a>, <a href=\"/allies/warships/ship/1579.html\">USS Pillsbury</a>, <a href=\"/allies/warships/ship/1526.html\">USS Chatelain</a> and <a href=\"/allies/warships/ship/1538.html\">USS Flaherty</a>.
[33.40, -18.98], <a href="/boats/u68.htm">U-68</a></strong> (Oblt. <a href="/men/commanders/709.html">Albert Lauzemis</a>). Sunk on 10 April 1944 in the North Atlantic north-west of <a href=\"/maps/canaries.htm\">Madeira</a>, Portugal, in position 33.24N, 18.59W, by depth charges and rockets from two <a href=\"/allies/aircraft/avenger.htm\">Avenger</a> and a <a href=\"/allies/aircraft/wildcat.htm\">Wildcat</a> aircraft (VC-58 USN/T-22, T-24 & F-4) of the US escort carrier <a href=\"/allies/warships/ship/2434.html\">USS Guadalcanal</a>.
[17.90, -38.08], <a href="/boats/u488.htm">U-488</a></strong> (Oblt. (R) <a href="/men/commanders/1253.html">Bruno Studt</a>). Sunk on April 26 1944 in the <a href=/maps/south_atlantic.htm>mid-Atlantic</a> west of Cape Verde in position 17.54N, 38.05W by depth charges from the US destroyer escorts <a href=/allies/warships/ship/1541.html>USS Frost</a>, <a href=/allies/warships/ship/1552.html>USS Huse</a>, <a href=/allies/warships/ship/1349.html>USS Barber</a> and <a href=/allies/warships/ship/1593.html>USS Snowden</a>.
[17.28, -32.48], <a href="/boats/u66.htm">U-66</a></strong> (Oblt. <a href="/men/commanders/1183.html">Gerhard Seehausen</a>). Sunk on 6 May 1944 in the Atlantic west of the <a href=\"/maps/cape_verde.htm\">Cape Verde Islands</a>, in position 17.17N, 32.29W, by depth charges, gunfire and ramming from <a href=\"/allies/aircraft/avenger.htm\">Avenger</a> and <a href=\"/allies/aircraft/wildcat.htm\">Wildcat</a> aircraft (VC-55 USN) of the US escort carrier <a href=\"/allies/warships/ship/2493.html\">USS Block Island</a> and by the US destroyer escort <a href=\"/allies/warships/ship/1355.html\">USS Buckley</a>.
[18.13, -33.22], <a href="/boats/u1224.htm">U-1224</a></strong> (<a href="/men/commanders/0.html"> </a>). Served as <b>RO 501</b> in Japanese service from 15 Feb 1944. Sunk 13 May 1944 in the <a href=/maps/south_atlantic.htm>mid-Atlantic</a> north-west of Cape Verde Islands, in position 18.08N, 33.13W, by depth charges from the US destroyer escort <a href=/allies/warships/ship/1381.html>USS Francis M. Robinson</a>.
[31.22, -23.05], <a href="/boats/u549.htm">U-549</a></strong> (Kptlt. <a href="/men/commanders/657.html">Detlev Krankenhagen</a>). Sunk on 29 May 1944 in the North Atlantic south-west of Madeira, Portugal, in position 31.13N, 23.03W, by depth charges from the US destroyer escorts <a href=\"/allies/warships/ship/1612.html\">USS Eugene E. Elmore</a> and <a href=\"/allies/warships/ship/1346.html\">USS Ahrens</a>.
[21.50, -19.33], <a href="/boats/u505.htm">U-505</a></strong> (Oblt. (R) <a href="/men/commanders/696.html">Harald Lange</a>). <a href=\"/articles/id/32\">Captured</a> on 4 June 1944 off Mauritania, French West Africa, in position 21.30N, 19.20W, by the warships of Task Force 22.3, consisting of the US escort carrier <a href=\"/allies/warships/ship/2434.html\">USS Guadalcanal</a> and the US destroyer escorts <a href=\"/allies/warships/ship/1579.html\">USS Pillsbury</a>, <a href=\"/allies/warships/ship/1526.html\">USS Chatelain</a>, <a href=\"/allies/warships/ship/1538.html\">USS Flaherty</a>, <a href=\"/allies/warships/ship/1401.html\">USS Jenks</a> and <a href=\"/allies/warships/ship/1581.html\">USS Pope</a>, after being badly damaged by depth charges from USS Chatelain and strafing by two <a href=\"/allies/aircraft/wildcat.htm\">Wildcat</a> aircraft (VC-8 USN/F-1 & F-7).
[-25.45, -5.50], <a href="/boats/u860.htm">U-860</a></strong> (FrgKpt. <a href="/men/commanders/147.html">Paul Büchel</a>). Sunk 15 June 1944 in the <a href=/maps/south_atlantic.htm>South Atlantic</a> south of St. Helena in position 25.27S, 05.30W, by depth charges and rockets from seven <a href=\"/allies/aircraft/avenger.htm\">Avenger</a> and <a href=\"/allies/aircraft/wildcat.htm\">Wildcat</a> aircraft (Task Group 22.10) from the US escort carrier <a href=/allies/warships/ship/2441.html>USS Solomons</a>.
[25.57, -21.60], <a href="/boats/u543.htm">U-543</a></strong> (Kptlt. <a href="/men/hellriegel.htm">Hans-Jürgen Hellriegel</a>). Sunk on 2 July 1944 in the North Atlantic south-west of <a href=\"/maps/canaries.htm\">Canary Islands</a>, in position 25.34N, 21.36W, by depth charges and a <a href=\"/allies/technical/fido.htm\">Fido</a> homing torpedo from an <a href=\"/allies/aircraft/avenger.htm\">Avenger</a> aircraft (VC-58 USN/T-30) of the US escort carrier <a href=\"/allies/warships/ship/2439.html\">USS Wake Island</a>.
[34.00, -19.50], <a href="/boats/u154.htm">U-154</a></strong> (Oblt. <a href="/men/commanders/349.html">Gerth Gemeiner</a>). Sunk on 3 July 1944 in the North Atlantic north-west of <a href=\"/maps/canaries.htm\">Madeira</a>, Portugal, in position 34.00N, 19.30W, by depth charges from the US destroyer escorts <a href=\"/allies/warships/ship/1553.html\">USS Inch</a> and <a href=\"/allies/warships/ship/1541.html\">USS Frost</a>.
[-10.75, -25.50], <a href="/boats/u863.htm">U-863</a></strong> (Kptlt. <a href="/men/commanders/260.html">Dietrich von der Esch</a>). Sunk 29 Sept 1944 in the <a href=/maps/south_atlantic.htm>South Atlantic</a> east-south-east of Recife, in position 10.45S, 25.30W, by depth charges from 2 US Liberator aircraft (VB-107/B-9).
[11.60, -34.73], <a href="/boats/u1062.htm">U-1062</a></strong> (Oblt. <a href="/men/commanders/9.html">Karl Albrecht</a>). Sunk on 30 September 1944 in the Atlantic south-west of the <a href=\"/maps/cape_verde.htm\">Cape Verde Islands</a>, in position 11.36N, 34.44W, by depth charges from the US destroyer escort <a href=\"/allies/warships/ship/1535.html\">USS Fessenden</a>.
